"num","vocab"
"1","diseas"
"2","mosquito"
"3","infect"
"4","th"
"5","journal"
"6","disea"
"7","anim"
"8","rna"
"9","human"
"10","africa"
"11","protein"
"12","vaccin"
"13","high"
"14","pr"
"15","antibodi"
"16","speci"
"17","cell"
"18","two"
"19","ted"
"20","health"
"21","also"
"22","sheep"
"23","studi"
"24","transmiss"
"25","use"
"26","nss"
"27","vector"
"28","may"
"29","ult"
"30","liv"
"31","tock"
"32","mice"
"33","arbo"
"34","potenti"
"35","control"
"36","found"
"37","outbreak"
"38","one"
"39","area"
"40","clinic"
"41","hemorrhag"
"42","sera"
"43","anti"
"44","infecti"
"45","cas"
"46","risk"
"47","tropic"
"48","among"
"49","posit"
"50","can"
"51","data"
"52","expr"
"53","host"
"54","cattl"
"55","specif"
"56","phlebo"
"57","african"
"58","virolog"
"59","pons"
"60","associ"
"61","sampl"
"62","medicin"
"63","sugg"
"64","three"
"65","born"
"66","collect"
"67","new"
"68","elisa"
"69","strain"
"70","base"
"71","detect"
"72","first"
"73","veterinari"
"74","epidem"
"75","import"
"76","earch"
"77","show"
"78","rat"
"79","assay"
"80","differ"
"81","time"
"82","inv"
"83","blood"
"84","cx"
"85","activ"
"86","a"
"87","day"
"88","de"
"89","segment"
"90","serum"
"91","sion"
"92","ent"
"93","well"
"94","howev"
"95","ifn"
"96","american"
"97","develop"
"98","emerg"
"99","igm"
"100","includ"
"101","patient"
"102","sever"
"103","bunyavirida"
"104","model"
"105","observ"
"106","surveil"
"107","pathogen"
"108","south"
"109","hygien"
"110","major"
"111","nile"
"112","region"
"113","signific"
"114","culex"
"115","larg"
"116","preval"
"117","igg"
"118","gene"
"119","mp"
"120","dengu"
"121","enceph"
"122","public"
"123","transmit"
"124","year"
"125","famili"
"126","medic"
"127","within"
"128","replic"
"129","rumin"
"130","ts"
"131","low"
"132","pectiv"
"133","spread"
"134","type"
"135","system"
"136","challeng"
"137","compar"
"138","isol"
"139","recombin"
"140","ae"
"141","factor"
"142","kenya"
"143","dom"
"144","pipien"
"145","report"
"146","analysi"
"147","immun"
"148","pcr"
"149","treatment"
"150","effect"
"151","occur"
"152","four"
"153","negat"
"154","role"
"155","sequenc"
"156","ting"
"157","earli"
"158","although"
"159","known"
"160","rate"
"161","sed"
"162","enc"
"163","identifi"
"164","singl"
"165","inocul"
"166","transcript"
"167","antigen"
"168","number"
"169","genom"
"170","increas"
"171","tic"
"172","wild"
"173","evid"
"174","east"
"175","laboratori"
"176","mani"
"177","yellow"
"178","condit"
"179","demonstr"
"180","liver"
"181","rainfal"
"182","endem"
"183","exposur"
"184","follow"
"185","small"
"186","congo"
"187","epizoot"
"188","mortal"
"189","popul"
"190","recent"
"191","zoonot"
"192","acut"
"193","diagnosi"
"194","gn"
"195","haemorrhag"
"196","caus"
"197","glycoprotein"
"198","interferon"
"199","egypt"
"200","level"
"201","case"
"202","countri"
"203","ml"
"204","distribut"
"205","illn"
"206","method"
"207","zh"
"208","attenu"
"209","non"
"210","plaqu"
"211","rt"
"212","similar"
"213","abil"
"214","will"
"215","ass"
"216","induc"
"217","intern"
"218","like"
"219","acid"
"220","conduct"
"221","goat"
"222","addit"
"223","dose"
"224","relat"
"225","determin"
"226","titer"
"227","total"
"228","adult"
"229","alpha"
"230","dna"
"231","obtain"
"232","saudi"
"233","beta"
"234","bunya"
"235","seneg"
"236","sensit"
"237","societi"
"238","either"
"239","diagnost"
"240","due"
"241","evalu"
"242","genus"
"243","product"
"244","thus"
"245","post"
"246","cellular"
"247","group"
"248","higher"
"249","mous"
"250","period"
"251","confirm"
"252","epidemiolog"
"253","primari"
"254","rapid"
"255","arthropod"
"256","chang"
"257","climat"
"258","crimean"
"259","elsevi"
"260","hamster"
"261","affect"
"262","egyptian"
"263","gc"
"264","la"
"265","madagascar"
"266","need"
"267","possibl"
"268","southern"
"269","suscept"
"270","field"
"271","five"
"272","repr"
"273","serolog"
"274","sinc"
"275","viremia"
"276","virul"
"277","various"
"278","world"
"279","avail"
"280","complex"
"281","ebola"
"282","molecular"
"283","neutral"
"284","rang"
"285","age"
"286","amino"
"287","cycl"
"288","death"
"289","depend"
"290","hepat"
"291","malaria"
"292","arabia"
"293","central"
"294","copyright"
"295","fatal"
"296","indic"
"297","inhibit"
"298","polymeras"
"299","contrast"
"300","et"
"301","pon"
"302","previous"
"303","cribe"
"304","deriv"
"305","discuss"
"306","influenza"
"307","revers"
"308","shown"
"309","febril"
"310","given"
"311","inter"
"312","link"
"313","carri"
"314","chikungunya"
"315","lamb"
"316","sing"
"317","surviv"
"318","wherea"
"319","greater"
"320","particl"
"321","protect"
"322","circul"
"323","live"
"324","pfu"
"325","synth"
"326","agent"
"327","approach"
"328","bovin"
"329","cent"
"330","consid"
"331","enzym"
"332","erv"
"333","examin"
"334","global"
"335","lassa"
"336","proc"
"337","right"
"338","gen"
"339","inform"
"340","monkey"
"341","reveal"
"342","sandfli"
"343","specimen"
"344","stat"
"345","sub"
"346","arabian"
"347","effici"
"348","morbid"
"349","structur"
"350","approxim"
"351","ew"
"352","experiment"
"353","find"
"354","ion"
"355","north"
"356","probabl"
"357","provid"
"358","ptv"
"359","throughout"
"360","bulletin"
"361","contact"
"362","current"
"363","degr"
"364","general"
"365","isolat"
"366","plos"
"367","pool"
"368","tigat"
"369","involv"
"370","local"
"371","peninsula"
"372","six"
"373","surfac"
"374","survey"
"375","temperatur"
"376","tern"
"377","america"
"378","environment"
"379","genet"
"380","lethal"
"381","mrna"
"382","particular"
"383","ribavirin"
"384","us"
"385","dos"
"386","femal"
"387","nation"
"388","produc"
"389","safe"
"390","saharan"
"391","sign"
"392","société"
"393","without"
"394","character"
"395","expos"
"396","form"
"397","limit"
"398","main"
"399","nucleocapsid"
"400","per"
"401","review"
"402","season"
"403","select"
"404","impact"
"405","inactiv"
"406","marburg"
"407","multipl"
"408","pregnant"
"409","tablish"
"410","therefor"
"411","threat"
"412","biolog"
"413","cross"
"414","equin"
"415","geograph"
"416","long"
"417","mediat"
"418","member"
"419","ponsibl"
"420","site"
"421","abort"
"422","common"
"423","dissemin"
"424","overal"
"425","requir"
"426","sit"
"427","unit"
"428","vexan"
"429","via"
"430","amplif"
"431","individu"
"432","least"
"433","nsm"
"434","reduct"
"435","target"
"436","techniqu"
"437","trade"
"438","contain"
"439","cultur"
"440","measur"
"441","microbiolog"
"442","natur"
"443","often"
"444","succ"
"445","syndrom"
"446","introduc"
"447","introduct"
"448","man"
"449","manif"
"450","mauritania"
"451","provinc"
"452","sudan"
"453","tissu"
"454","buffalo"
"455","econom"
"456","free"
"457","function"
"458","light"
"459","month"
"460","paper"
"461","perform"
"462","progr"
"463","revu"
"464","royal"
"465","strategi"
"466","transact"
"467","code"
"468","differenc"
"469","feed"
"470","insect"
"471","loss"
"472","lower"
"473","made"
"474","prevent"
"475","real"
"476","taken"
"477","understand"
"478","urban"
"479","cenc"
"480","district"
"481","efficaci"
"482","even"
"483","flavi"
"484","incid"
"485","japan"
"486","locat"
"487","order"
"488","vitro"
"489","whether"
"490","abl"
"491","captur"
"492","fusion"
"493","indirect"
"494","kda"
"495","necrosi"
"496","northern"
"497","reduc"
"498","symptom"
"499","termin"
"500","wildlif"
"501","work"
"502","administ"
"503","aegypti"
"504","calv"
"505","generat"
"506","immunosorb"
"507","late"
"508","mean"
"509","neglect"
"510","novel"
"511","patholog"
"512","record"
"513","seri"
"514","serious"
"515","suppr"
"516","vero"
"517","yemen"
"518","complet"
"519","die"
"520","end"
"521","part"
"522","pkr"
"523","poicilip"
"524","retin"
"525","rnas"
"526","rout"
"527","section"
"528","seen"
"529","seropreval"
"530","spatial"
"531","zon"
"532","characterist"
"533","clone"
"534","eastern"
"535","futur"
"536","none"
"537","occurr"
"538","old"
"539","across"
"540","experi"
"541","extens"
"542","great"
"543","immunofluor"
"544","littl"
"545","mechan"
"546","pecial"
"547","re"
"548","reaction"
"549","treat"
"550","virem"
"551","water"
"552","better"
"553","candid"
"554","corr"
"555","initi"
"556","rural"
"557","bluetongu"
"558","brain"
"559","cow"
"560","distinct"
"561","eight"
"562","enzoot"
"563","ervoir"
"564","event"
"565","identif"
"566","knowledg"
"567","ocular"
"568","pattern"
"569","second"
"570","sens"
"571","strand"
"572","suitabl"
"573","suspect"
"574","therapeut"
"575","timat"
"576","week"
"577","aerosol"
"578","analyz"
"579","appli"
"580","direct"
"581","entri"
"582","lack"
"583","middl"
"584","mild"
"585","pathway"
"586","state"
"587","asia"
"588","capabl"
"589","certain"
"590","combin"
"591","ecolog"
"592","furthermor"
"593","haemagglutin"
"594","heavi"
"595","herd"
"596","ii"
"597","last"
"598","monoclon"
"599","nucleotid"
"600","pond"
"601","prnt"
"602","punta"
"603","tation"
"604","toro"
"605","trap"
"606","whole"
"607","wide"
"608","zoono"
"609","anali"
"610","anophel"
"611","concern"
"612","conserv"
"613","dynam"
"614","europ"
"615","fold"
"616","interact"
"617","near"
"618","peopl"
"619","prior"
"620","publish"
"621","scienc"
"622","selsbron"
"623","typ"
"624","vlps"
"625","young"
"626","administr"
"627","bind"
"628","compound"
"629","entomolog"
"630","except"
"631","fli"
"632","fluor"
"633","médecin"
"634","normal"
"635","outsid"
"636","past"
"637","phase"
"638","play"
"639","primarili"
"640","satellit"
"641","septemb"
"642","serv"
"643","seven"
"644","spleen"
"645","valu"
"646","vertebr"
"647","worker"
"648","camel"
"649","comparison"
"650","cours"
"651","encod"
"652","evolut"
"653","improv"
"654","mab"
"655","onset"
"656","quinquefasciatus"
"657","raini"
"658","screen"
"659","status"
"660","step"
"661","tim"
"662","abund"
"663","anoth"
"664","around"
"665","densiti"
"666","du"
"667","fed"
"668","held"
"669","hi"
"670","hypoth"
"671","ign"
"672","index"
"673","kg"
"674","log"
"675","mainten"
"676","mammalian"
"677","organ"
"678","pread"
"679","support"
"680","togeth"
"681","venezuelan"
"682","wid"
"683","wnv"
"684","becom"
"685","cchf"
"686","critic"
"687","daili"
"688","decreas"
"689","delet"
"690","exotiqu"
"691","hepatocyt"
"692","innat"
"693","movement"
"694","mutat"
"695","nuclear"
"696","origin"
"697","paramet"
"698","pathologi"
"699","sand"
"700","sindbi"
"701","unknown"
"702","vaccinia"
"703","vivo"
"704","allow"
"705","antennatus"
"706","armp"
"707","becam"
"708","bite"
"709","european"
"710","format"
"711","immunoglobulin"
"712","istanc"
"713","kinas"
"714","km"
"715","lead"
"716","mal"
"717","mutant"
"718","nec"
"719","nonstructur"
"720","np"
"721","scale"
"722","sential"
"723","sicilian"
"724","spp"
"725","subject"
"726","term"
"727","zone"
"728","appear"
"729","appropri"
"730","breed"
"731","broad"
"732","chain"
"733","denv"
"734","document"
"735","drug"
"736","fail"
"737","formalin"
"738","histori"
"739","ing"
"740","led"
"741","life"
"742","membran"
"743","mg"
"744","onderstepoort"
"745","open"
"746","person"
"747","purifi"
"748","remain"
"749","safeti"
"750","still"
"751","therapi"
"752","tool"
"753","upon"
"754","usual"
"755","veget"
"756","yf"
"757","academi"
"758","capac"
"759","ci"
"760","correl"
"761","decemb"
"762","egg"
"763","envelop"
"764","featur"
"765","fetal"
"766","foci"
"767","focus"
"768","hanta"
"769","inhibitor"
"770","istant"
"771","meal"
"772","mrnas"
"773","now"
"774","nucleoprotein"
"775","offic"
"776","pre"
"777","predict"
"778","promot"
"779","travel"
"780","warn"
"781","alon"
"782","archiv"
"783","cdna"
"784","close"
"785","co"
"786","complementari"
"787","concentr"
"788","differenti"
"789","gave"
"790","herp"
"791","hospit"
"792","induct"
"793","lipid"
"794","male"
"795","most"
"796","novemb"
"797","poli"
"798","prepar"
"799","qu"
"800","renal"
"801","strong"
"802","subsequ"
"803","tanzania"
"804","titr"
"805","tosv"
"806","varieti"
"807","absenc"
"808","applic"
"809","compet"
"810","contribut"
"811","divers"
"812","earlier"
"813","filo"
"814","frame"
"815","hantaan"
"816","kund"
"817","larva"
"818","line"
"819","men"
"820","monitor"
"821","much"
"822","olut"
"823","phosphoryl"
"824","read"
"825","recogn"
"826","recov"
"827","rh"
"828","rmp"
"829","rnp"
"830","secondari"
"831","sftsv"
"832","tempor"
"833","tion"
"834","toscana"
"835","transcriptas"
"836","vari"
"837","worldwid"
"838","arena"
"839","averag"
"840","cd"
"841","class"
"842","complement"
"843","crib"
"844","degrad"
"845","el"
"846","flood"
"847","food"
"848","frequent"
"849","governor"
"850","hors"
"851","idu"
"852","lamp"
"853","length"
"854","map"
"855","might"
"856","nm"
"857","octob"
"858","orf"
"859","pite"
"860","releas"
"861","river"
"862","rodent"
"863","salivari"
"864","sari"
"865","scientifiqu"
"866","sero"
"867","seroposit"
"868","standard"
"869","variant"
"870","vhf"
"871","villag"
"872","york"
"873","avian"
"874","bit"
"875","cchfv"
"876","cdc"
"877","chikv"
"878","defin"
"879","elev"
"880","elicit"
"881","enhanc"
"882","exhibit"
"883","farm"
"884","good"
"885","growth"
"886","immunogen"
"887","latter"
"888","marker"
"889","must"
"890","percentag"
"891","plasmid"
"892","primer"
"893","prove"
"894","ratio"
"895","sfulli"
"896","situat"
"897","sive"
"898","sp"
"899","summer"
"900","swine"
"901","theobald"
"902","uninfect"
"903","yet"
"904","along"
"905","bait"
"906","basi"
"907","brucellosi"
"908","bunyamwera"
"909","candidat"
"910","cmr"
"911","consist"
"912","cytoplasm"
"913","damag"
"914","dhygièn"
"915","dri"
"916","exampl"
"917","filial"
"918","final"
"919","fixat"
"920","frequenc"
"921","hundr"
"922","incub"
"923","influenc"
"924","larchmont"
"925","later"
"926","ltd"
"927","maintain"
"928","nine"
"929","point"
"930","poor"
"931","properti"
"932","prophylact"
"933","propos"
"934","receptor"
"935","relevé"
"936","secretariat"
"937","short"
"938","signal"
"939","skin"
"940","sment"
"941","variat"
"942","acc"
"943","accur"
"944","action"
"945","afrikaans"
"946","albopictus"
"947","almost"
"948","annual"
"949","author"
"950","barkedji"
"951","belong"
"952","burden"
"953","centuri"
"954","complic"
"955","compon"
"956","copi"
"957","domin"
"958","electron"
"959","épidémiologiqu"
"960","equal"
"961","exist"
"962","februari"
"963","fetus"
"964","gamma"
"965","genera"
"966","green"
"967","hebdomadair"
"968","key"
"969","leagu"
"970","lew"
"971","lin"
"972","lj"
"973","macrophag"
"974","make"
"975","manag"
"976","microgram"
"977","mol"
"978","neither"
"979","neutralis"
"980","nucleic"
"981","ocean"
"982","offici"
"983","phylogenet"
"984","place"
"985","potent"
"986","proport"
"987","receiv"
"988","remot"
"989","rnai"
"990","secrétariat"
"991","simpl"
"992","size"
"993","stage"
"994","storag"
"995","suffici"
"996","suid"
"997","though"
"998","tradit"
"999","tydskrif"
"1000","variabl"
"1001","vir"
"1002","zoonosi"
"1003","adapt"
"1004","alreadi"
"1005","analys"
"1006","annal"
"1007","august"
"1008","basin"
"1009","bioterror"
"1010","bodi"
"1011","coagul"
"1012","cut"
"1013","distanc"
"1014","driven"
"1015","exot"
"1016","extend"
"1017","facilit"
"1018","franc"
"1019","full"
"1020","habitat"
"1021","hydrophob"
"1022","icular"
"1023","ifa"
"1024","indicat"
"1025","inhibitori"
"1026","mammal"
"1027","march"
"1028","materi"
"1029","microscopi"
"1030","midgut"
"1031","minigenom"
"1032","motif"
"1033","mutagen"
"1034","network"
"1035","other"
"1036","persist"
"1037","ph"
"1038","prioriti"
"1039","proceed"
"1040","quantit"
"1041","reactiv"
"1042","self"
"1043","serial"
"1044","servic"
"1045","sourc"
"1046","space"
"1047","statist"
"1048","subunit"
"1049","taeniorhynchus"
"1050","technolog"
"1051","tripartit"
"1052","uniqu"
"1053","valuabl"
"1054","vee"
"1055","viraemia"
"1056","wf"
"1057","wn"
"1058","accompani"
"1059","accord"
"1060","achiev"
"1061","advanc"
"1062","apoptosi"
"1063","carboxamid"
"1064","cf"
"1065","clear"
"1066","decis"
"1067","delta"
"1068","diagnos"
"1069","domain"
"1070","doubl"
"1071","epitop"
"1072","fmd"
"1073","foot"
"1074","framework"
"1075","fulli"
"1076","golgi"
"1077","help"
"1078","indian"
"1079","insight"
"1080","institut"
"1081","ize"
"1082","kingdom"
"1083","land"
"1084","lineag"
"1085","mass"
"1086","mediterranean"
"1087","medium"
"1088","mouth"
"1089","mx"
"1090","mxa"
"1091","neurolog"
"1092","partial"
"1093","peak"
"1094","piratori"
"1095","precursor"
"1096","pregnanc"
"1097","problem"
"1098","programm"
"1099","program"
"1100","rattus"
"1101","recognit"
"1102","regard"
"1103","relationship"
"1104","republ"
"1105","sandwich"
"1106","seroconvers"
"1107","sickn"
"1108","subcutan"
"1109","subpopul"
"1110","ten"
"1111","tick"
"1112","truncat"
"1113","typic"
"1114","vertic"
"1115","virion"
"1116","wt"
"1117","yfv"
"1118","acquir"
"1119","act"
"1120","addr"
"1121","appar"
"1122","baculo"
"1123","british"
"1124","chemistri"
"1125","chemotherapi"
"1126","classic"
"1127","detail"
"1128","dsrna"
"1129","employ"
"1130","experienc"
"1131","extent"
"1132","failur"
"1133","farmer"
"1134","half"
"1135","humor"
"1136","il"
"1137","implic"
"1138","increa"
"1139","island"
"1140","mark"
"1141","minimum"
"1142","molecul"
"1143","ns"
"1144","panel"
"1145","parent"
"1146","passiv"
"1147","plagu"
"1148","procedur"
"1149","replicon"
"1150","rinderp"
"1151","serosurvey"
"1152","sex"
"1153","st"
"1154","stag"
"1155","stain"
"1156","suckl"
"1157","te"
"1158","transient"
"1159","trict"
"1160","undertaken"
"1161","white"
"1162","women"
"1163","account"
"1164","agricultur"
"1165","akaban"
"1166","al"
"1167","ambisens"
"1168","arabiensi"
"1169","aspect"
"1170","attent"
"1171","consequenc"
"1172","context"
"1173","contin"
"1174","cue"
"1175","defici"
"1176","degre"
"1177","delay"
"1178","encephalomyel"
"1179","engorg"
"1180","environ"
"1181","facil"
"1182","ferlo"
"1183","gland"
"1184","heterogen"
"1185","independ"
"1186","januari"
"1187","landscap"
"1188","larger"
"1189","mansonia"
"1190","matur"
"1191","maximum"
"1192","ministri"
"1193","moreov"
"1194","nt"
"1195","pasteur"
"1196","pcagg"
"1197","petit"
"1198","plant"
"1199","plus"
"1200","poss"
"1201","rabi"
"1202","recommend"
"1203","refer"
"1204","reliabl"
"1205","sbv"
"1206","seem"
"1207","set"
"1208","share"
"1209","smithburn"
"1210","spectrum"
"1211","stabl"
"1212","substanti"
"1213","suspens"
"1214","termini"
"1215","tos"
"1216","translat"
"1217","warm"
"1218","weak"
"1219","wet"
"1220","yield"
"1221","adam"
"1222","advers"
"1223","anomali"
"1224","bacteri"
"1225","bat"
"1226","blindn"
"1227","calf"
"1228","caspius"
"1229","children"
"1230","comoro"
"1231","consider"
"1232","construct"
"1233","cover"
"1234","done"
"1235","durat"
"1236","easili"
"1237","everi"
"1238","extract"
"1239","french"
"1240","gabon"
"1241","healthi"
"1242","homolog"
"1243","hour"
"1244","immunolog"
"1245","inbr"
"1246","intracellular"
"1247","intranas"
"1248","mayott"
"1249","mcintoshi"
"1250","microscop"
"1251","mix"
"1252","modifi"
"1253","murin"
"1254","ndv"
"1255","newli"
"1256","nuclei"
"1257","numer"
"1258","outcom"
"1259","parasit"
"1260","pect"
"1261","postinfect"
"1262","preglycoprotein"
"1263","prob"
"1264","promis"
"1265","purif"
"1266","random"
"1267","rare"
"1268","regul"
"1269","reproduct"
"1270","rol"
"1271","rpa"
"1272","ser"
"1273","somalia"
"1274","stabil"
"1275","stomat"
"1276","terminus"
"1277","third"
"1278","ticat"
"1279","twenti"
"1280","uniformi"
"1281","visual"
"1282","zambia"
"1283","agreement"
"1284","antimicrobi"
"1285","authent"
"1286","begin"
"1287","bsl"
"1288","care"
"1289","caught"
"1290","coast"
"1291","continent"
"1292","continu"
"1293","cost"
"1294","culicoid"
"1295","cytopath"
"1296","dramat"
"1297","effort"
"1298","endocytosi"
"1299","expect"
"1300","fatti"
"1301","fix"
"1302","fluid"
"1303","fowleri"
"1304","governorat"
"1305","guinea"
"1306","heterolog"
"1307","ia"
"1308","iclc"
"1309","ifitm"
"1310","iii"
"1311","immunoassay"
"1312","impair"
"1313","implement"
"1314","inc"
"1315","inject"
"1316","interv"
"1317","kenyan"
"1318","lc"
"1319","linear"
"1320","longer"
"1321","lumpi"
"1322","multiplex"
"1323","name"
"1324","nativ"
"1325","nigeria"
"1326","ochraceus"
"1327","passag"
"1328","peptid"
"1329","personnel"
"1330","phlebotomus"
"1331","pichind"
"1332","pox"
"1333","preliminari"
"1334","rather"
"1335","readili"
"1336","reassort"
"1337","regr"
"1338","santé"
"1339","sentinel"
"1340","sful"
"1341","side"
"1342","southw"
"1343","substitut"
"1344","transboundari"
"1345","unvaccin"
"1346","vlp"
"1347","weight"
"1348","δnsm"
"1349","amount"
"1350","april"
"1351","articl"
"1352","australia"
"1353","awaren"
"1354","barrier"
"1355","basic"
"1356","bef"
"1357","behavior"
"1358","bhk"
"1359","bird"
"1360","bleed"
"1361","bound"
"1362","bunv"
"1363","causat"
"1364","coloni"
"1365","communiti"
"1366","conclud"
"1367","corp"
"1368","cotton"
"1369","crystal"
"1370","date"
"1371","délevag"
"1372","deliv"
"1373","difficult"
"1374","display"
"1375","diva"
"1376","entir"
"1377","etc"
"1378","fact"
"1379","filariasi"
"1380","give"
"1381","hemagglutin"
"1382","hiv"
"1383","hold"
"1384","ident"
"1385","ill"
"1386","immedi"
"1387","inflammatori"
"1388","integr"
"1389","june"
"1390","lacv"
"1391","lancet"
"1392","larval"
"1393","leishmaniasi"
"1394","literatur"
"1395","milk"
"1396","min"
"1397","minim"
"1398","mixtur"
"1399","mv"
"1400","nervous"
"1401","nod"
"1402","note"
"1403","object"
"1404","pabp"
"1405","packag"
"1406","pain"
"1407","pay"
"1408","ppr"
"1409","preparedn"
"1410","react"
"1411","recurr"
"1412","red"
"1413","relev"
"1414","routin"
"1415","sahelian"
"1416","saliva"
"1417","sea"
"1418","sin"
"1419","social"
"1420","spike"
"1421","stomoxi"
"1422","take"
"1423","temper"
"1424","thr"
"1425","throughput"
"1426","transport"
"1427","tropical"
"1428","tropicaux"
"1429","turkey"
"1430","upstream"
"1431","valid"
"1432","vétérinair"
"1433","vulner"
"1434","way"
"1435","accuraci"
"1436","acta"
"1437","africana"
"1438","altern"
"1439","anaemia"
"1440","anc"
"1441","approv"
"1442","armi"
"1443","array"
"1444","assembl"
"1445","atg"
"1446","autumn"
"1447","birth"
"1448","black"
"1449","booster"
"1450","border"
"1451","bst"
"1452","burnetii"
"1453","cape"
"1454","coastal"
"1455","coat"
"1456","compos"
"1457","confin"
"1458","consequ"
"1459","cytokin"
"1460","dc"
"1461","defens"
"1462","dendrit"
"1463","depart"
"1464","diamet"
"1465","diarrhoea"
"1466","dicer"
"1467","diptera"
"1468","distant"
"1469","ei"
"1470","ephemer"
"1471","equival"
"1472","excel"
"1473","expans"
"1474","explain"
"1475","far"
"1476","foetus"
"1477","furth"
"1478","gambia"
"1479","gis"
"1480","glucan"
"1481","gsd"
"1482","highland"
"1483","highlight"
"1484","hous"
"1485","hybrid"
"1486","ian"
"1487","ideal"
"1488","ile"
"1489","irr"
"1490","kill"
"1491","lake"
"1492","ld"
"1493","load"
"1494","macaqu"
"1495","manner"
"1496","massiv"
"1497","mathemat"
"1498","million"
"1499","moder"
"1500","mrc"
"1501","naiv"
"1502","napl"
"1503","necrot"
"1504","niño"
"1505","nucleus"
"1506","optim"
"1507","oral"
"1508","ourc"
"1509","parasitolog"
"1510","percent"
"1511","perexiguus"
"1512","polymera"
"1513","polypeptid"
"1514","pp"
"1515","predomin"
"1516","purpos"
"1517","pyrexia"
"1518","qrt"
"1519","rais"
"1520","rear"
"1521","rig"
"1522","robust"
"1523","sfs"
"1524","siz"
"1525","sporad"
"1526","str"
"1527","sucros"
"1528","tag"
"1529","tfiih"
"1530","tlr"
"1531","town"
"1532","tsi"
"1533","util"
"1534","uveiti"
"1535","whose"
"1536","wistar"
"1537","zinga"
